ID,Classifier,Ranker,AttributesNum,Attributes,FPR_type1err,FNR_type2err,ROC_Area
0,NaiveBayes,None,0,,0.153,0.261,0.85
61,5NN,None,0,,0.097,0.391,0.863
1,NaiveBayes,GainRatio,5,GENE3941X;GENE3944X;GENE3755X;GENE1125X;GENE3753X,0.167,0.478,0.812
19,NaiveBayes,SymmetricUncertainty,100,GENE3941X;GENE1609X;GENE1537X;GENE385X;GENE493X;GENE1567X;GENE384X;GENE1610X;GENE3944X;GENE3755X;GENE3945X;GENE2760X;GENE3754X;GENE3943X;GENE597X;GENE1125X;GENE3753X;GENE374X;GENE390X;GENE3258X;GENE639X;GENE2380X;GENE3176X;GENE3573X;GENE3946X;GENE1676X;GENE593X;GENE3898X;GENE1673X;GENE1741X;GENE1296X;GENE473X;GENE3968X;GENE635X;GENE378X;GENE472X;GENE520X;GENE379X;GENE3939X;GENE598X;GENE513X;GENE3642X;GENE567X;GENE568X;GENE2190X;GENE3588X;GENE1672X;GENE610X;GENE938X;GENE2758X;GENE1622X;GENE3932X;GENE2186X;GENE1656X;GENE3461X;GENE3574X;GENE2105X;GENE2759X;GENE514X;GENE1214X;GENE1612X;GENE3940X;GENE636X;GENE455X;GENE3641X;GENE512X;GENE655X;GENE500X;GENE2113X;GENE86X;GENE1080X;GENE946X;GENE2512X;GENE2238X;GENE717X;GENE737X;GENE1776X;GENE569X;GENE626X;GENE1617X;GENE3965X;GENE662X;GENE2460X;GENE3335X;GENE2550X;GENE555X;GENE377X;GENE1578X;GENE1690X;GENE558X;GENE1212X;GENE1618X;GENE2464X;GENE3259X;GENE1620X;GENE518X;GENE2106X;GENE585X;GENE187X;GENE1615X,0.139,0.043,0.949
13,NaiveBayes,SymmetricUncertainty,7,GENE3941X;GENE1609X;GENE1537X;GENE385X;GENE493X;GENE1567X;GENE384X,0.167,0.174,0.905
62,5NN,GainRatio,5,GENE3941X;GENE3944X;GENE3755X;GENE1125X;GENE3753X,0.014,0.696,0.753
67,5NN,GainRatio,10,GENE3941X;GENE3944X;GENE3755X;GENE1125X;GENE3753X;GENE3754X;GENE3176X;GENE3588X;GENE1567X;GENE854X,0.028,0.609,0.789
54,NaiveBayes,ChiSquared,8,GENE1610X;GENE1609X;GENE1537X;GENE385X;GENE493X;GENE384X;GENE3941X;GENE3945X,0.194,0.174,0.899
5,NaiveBayes,GainRatio,9,GENE3941X;GENE3944X;GENE3755X;GENE1125X;GENE3753X;GENE3754X;GENE3176X;GENE3588X;GENE1567X,0.153,0.391,0.835
4,NaiveBayes,GainRatio,8,GENE3941X;GENE3944X;GENE3755X;GENE1125X;GENE3753X;GENE3754X;GENE3176X;GENE3588X,0.111,0.435,0.819
75,5NN,SymmetricUncertainty,8,GENE3941X;GENE1609X;GENE1537X;GENE385X;GENE493X;GENE1567X;GENE384X;GENE1610X,0.069,0.348,0.902
12,NaiveBayes,SymmetricUncertainty,6,GENE3941X;GENE1609X;GENE1537X;GENE385X;GENE493X;GENE1567X,0.139,0.174,0.903
17,NaiveBayes,SymmetricUncertainty,20,GENE3941X;GENE1609X;GENE1537X;GENE385X;GENE493X;GENE1567X;GENE384X;GENE1610X;GENE3944X;GENE3755X;GENE3945X;GENE2760X;GENE3754X;GENE3943X;GENE597X;GENE1125X;GENE3753X;GENE374X;GENE390X;GENE3258X,0.111,0.174,0.933
44,NaiveBayes,InformationGain,8,GENE1610X;GENE3943X;GENE493X;GENE390X;GENE1537X;GENE1609X;GENE384X;GENE2760X,0.097,0.391,0.864
18,NaiveBayes,SymmetricUncertainty,50,GENE3941X;GENE1609X;GENE1537X;GENE385X;GENE493X;GENE1567X;GENE384X;GENE1610X;GENE3944X;GENE3755X;GENE3945X;GENE2760X;GENE3754X;GENE3943X;GENE597X;GENE1125X;GENE3753X;GENE374X;GENE390X;GENE3258X;GENE639X;GENE2380X;GENE3176X;GENE3573X;GENE3946X;GENE1676X;GENE593X;GENE3898X;GENE1673X;GENE1741X;GENE1296X;GENE473X;GENE3968X;GENE635X;GENE378X;GENE472X;GENE520X;GENE379X;GENE3939X;GENE598X;GENE513X;GENE3642X;GENE567X;GENE568X;GENE2190X;GENE3588X;GENE1672X;GENE610X;GENE938X;GENE2758X,0.125,0.087,0.943
72,5NN,SymmetricUncertainty,5,GENE3941X;GENE1609X;GENE1537X;GENE385X;GENE493X,0.014,0.478,0.853
11,NaiveBayes,SymmetricUncertainty,5,GENE3941X;GENE1609X;GENE1537X;GENE385X;GENE493X,0.111,0.304,0.887
16,NaiveBayes,SymmetricUncertainty,10,GENE3941X;GENE1609X;GENE1537X;GENE385X;GENE493X;GENE1567X;GENE384X;GENE1610X;GENE3944X;GENE3755X,0.167,0.13,0.902
14,NaiveBayes,SymmetricUncertainty,8,GENE3941X;GENE1609X;GENE1537X;GENE385X;GENE493X;GENE1567X;GENE384X;GENE1610X,0.153,0.13,0.921
65,5NN,GainRatio,8,GENE3941X;GENE3944X;GENE3755X;GENE1125X;GENE3753X;GENE3754X;GENE3176X;GENE3588X,0.069,0.739,0.794
49,NaiveBayes,InformationGain,100,GENE1610X;GENE3943X;GENE493X;GENE390X;GENE1537X;GENE1609X;GENE384X;GENE2760X;GENE2380X;GENE3945X;GENE938X;GENE597X;GENE385X;GENE374X;GENE3941X;GENE655X;GENE639X;GENE3641X;GENE3642X;GENE3573X;GENE1673X;GENE593X;GENE1741X;GENE473X;GENE1296X;GENE3968X;GENE635X;GENE472X;GENE378X;GENE598X;GENE379X;GENE513X;GENE1567X;GENE3258X;GENE567X;GENE2190X;GENE568X;GENE1622X;GENE2758X;GENE1672X;GENE610X;GENE3946X;GENE2759X;GENE514X;GENE1214X;GENE2186X;GENE1656X;GENE512X;GENE1612X;GENE500X;GENE2105X;GENE2462X;GENE2113X;GENE636X;GENE455X;GENE1676X;GENE2936X;GENE3939X;GENE2512X;GENE737X;GENE2238X;GENE717X;GENE3940X;GENE662X;GENE2460X;GENE3965X;GENE3335X;GENE3461X;GENE3932X;GENE558X;GENE569X;GENE626X;GENE555X;GENE187X;GENE2550X;GENE1615X;GENE377X;GENE1578X;GENE1690X;GENE1617X;GENE1696X;GENE3967X;GENE3944X;GENE585X;GENE1620X;GENE3934X;GENE2033X;GENE1212X;GENE962X;GENE527X;GENE518X;GENE2106X;GENE3574X;GENE947X;GENE707X;GENE2668X;GENE3259X;GENE3755X;GENE1581X;GENE2209X,0.139,0.13,0.924
8,NaiveBayes,GainRatio,50,GENE3941X;GENE3944X;GENE3755X;GENE1125X;GENE3753X;GENE3754X;GENE3176X;GENE3588X;GENE1567X;GENE854X;GENE1126X;GENE86X;GENE946X;GENE1609X;GENE2595X;GENE385X;GENE1537X;GENE940X;GENE3898X;GENE1080X;GENE384X;GENE493X;GENE520X;GENE3751X;GENE3752X;GENE3945X;GENE3586X;GENE3258X;GENE1666X;GENE2760X;GENE1676X;GENE3946X;GENE941X;GENE1490X;GENE597X;GENE374X;GENE1131X;GENE1798X;GENE1610X;GENE1618X;GENE639X;GENE3574X;GENE1964X;GENE3939X;GENE3573X;GENE3932X;GENE593X;GENE1776X;GENE2380X;GENE3461X,0.097,0.087,0.94
9,NaiveBayes,GainRatio,100,GENE3941X;GENE3944X;GENE3755X;GENE1125X;GENE3753X;GENE3754X;GENE3176X;GENE3588X;GENE1567X;GENE854X;GENE1126X;GENE86X;GENE946X;GENE1609X;GENE2595X;GENE385X;GENE1537X;GENE940X;GENE3898X;GENE1080X;GENE384X;GENE493X;GENE520X;GENE3751X;GENE3752X;GENE3945X;GENE3586X;GENE3258X;GENE1666X;GENE2760X;GENE1676X;GENE3946X;GENE941X;GENE1490X;GENE597X;GENE374X;GENE1131X;GENE1798X;GENE1610X;GENE1618X;GENE639X;GENE3574X;GENE1964X;GENE3939X;GENE3573X;GENE3932X;GENE593X;GENE1776X;GENE2380X;GENE3461X;GENE1673X;GENE3943X;GENE1741X;GENE3968X;GENE1296X;GENE635X;GENE472X;GENE378X;GENE379X;GENE364X;GENE473X;GENE3940X;GENE3628X;GENE390X;GENE2190X;GENE567X;GENE568X;GENE610X;GENE1672X;GENE598X;GENE513X;GENE2105X;GENE1656X;GENE2186X;GENE2758X;GENE1622X;GENE1612X;GENE2759X;GENE636X;GENE455X;GENE1214X;GENE514X;GENE1658X;GENE512X;GENE500X;GENE2464X;GENE2740X;GENE2739X;GENE2113X;GENE717X;GENE2238X;GENE3642X;GENE1130X;GENE386X;GENE1617X;GENE2512X;GENE626X;GENE569X;GENE2550X;GENE3986X,0.139,0.087,0.946
77,5NN,SymmetricUncertainty,10,GENE3941X;GENE1609X;GENE1537X;GENE385X;GENE493X;GENE1567X;GENE384X;GENE1610X;GENE3944X;GENE3755X,0.069,0.522,0.887
80,5NN,SymmetricUncertainty,100,GENE3941X;GENE1609X;GENE1537X;GENE385X;GENE493X;GENE1567X;GENE384X;GENE1610X;GENE3944X;GENE3755X;GENE3945X;GENE2760X;GENE3754X;GENE3943X;GENE597X;GENE1125X;GENE3753X;GENE374X;GENE390X;GENE3258X;GENE639X;GENE2380X;GENE3176X;GENE3573X;GENE3946X;GENE1676X;GENE593X;GENE3898X;GENE1673X;GENE1741X;GENE1296X;GENE473X;GENE3968X;GENE635X;GENE378X;GENE472X;GENE520X;GENE379X;GENE3939X;GENE598X;GENE513X;GENE3642X;GENE567X;GENE568X;GENE2190X;GENE3588X;GENE1672X;GENE610X;GENE938X;GENE2758X;GENE1622X;GENE3932X;GENE2186X;GENE1656X;GENE3461X;GENE3574X;GENE2105X;GENE2759X;GENE514X;GENE1214X;GENE1612X;GENE3940X;GENE636X;GENE455X;GENE3641X;GENE512X;GENE655X;GENE500X;GENE2113X;GENE86X;GENE1080X;GENE946X;GENE2512X;GENE2238X;GENE717X;GENE737X;GENE1776X;GENE569X;GENE626X;GENE1617X;GENE3965X;GENE662X;GENE2460X;GENE3335X;GENE2550X;GENE555X;GENE377X;GENE1578X;GENE1690X;GENE558X;GENE1212X;GENE1618X;GENE2464X;GENE3259X;GENE1620X;GENE518X;GENE2106X;GENE585X;GENE187X;GENE1615X,0.069,0.261,0.896
45,NaiveBayes,InformationGain,9,GENE1610X;GENE3943X;GENE493X;GENE390X;GENE1537X;GENE1609X;GENE384X;GENE2760X;GENE2380X,0.097,0.348,0.864
74,5NN,SymmetricUncertainty,7,GENE3941X;GENE1609X;GENE1537X;GENE385X;GENE493X;GENE1567X;GENE384X,0.083,0.478,0.852
81,5NN,SymmetricUncertainty,200,GENE3941X;GENE1609X;GENE1537X;GENE385X;GENE493X;GENE1567X;GENE384X;GENE1610X;GENE3944X;GENE3755X;GENE3945X;GENE2760X;GENE3754X;GENE3943X;GENE597X;GENE1125X;GENE3753X;GENE374X;GENE390X;GENE3258X;GENE639X;GENE2380X;GENE3176X;GENE3573X;GENE3946X;GENE1676X;GENE593X;GENE3898X;GENE1673X;GENE1741X;GENE1296X;GENE473X;GENE3968X;GENE635X;GENE378X;GENE472X;GENE520X;GENE379X;GENE3939X;GENE598X;GENE513X;GENE3642X;GENE567X;GENE568X;GENE2190X;GENE3588X;GENE1672X;GENE610X;GENE938X;GENE2758X;GENE1622X;GENE3932X;GENE2186X;GENE1656X;GENE3461X;GENE3574X;GENE2105X;GENE2759X;GENE514X;GENE1214X;GENE1612X;GENE3940X;GENE636X;GENE455X;GENE3641X;GENE512X;GENE655X;GENE500X;GENE2113X;GENE86X;GENE1080X;GENE946X;GENE2512X;GENE2238X;GENE717X;GENE737X;GENE1776X;GENE569X;GENE626X;GENE1617X;GENE3965X;GENE662X;GENE2460X;GENE3335X;GENE2550X;GENE555X;GENE377X;GENE1578X;GENE1690X;GENE558X;GENE1212X;GENE1618X;GENE2464X;GENE3259X;GENE1620X;GENE518X;GENE2106X;GENE585X;GENE187X;GENE1615X;GENE1696X;GENE3967X;GENE947X;GENE707X;GENE2668X;GENE940X;GENE2713X;GENE3934X;GENE527X;GENE962X;GENE1658X;GENE854X;GENE1126X;GENE735X;GENE652X;GENE2462X;GENE1659X;GENE1821X;GENE721X;GENE528X;GENE2239X;GENE723X;GENE1616X;GENE642X;GENE2107X;GENE734X;GENE386X;GENE2209X;GENE2936X;GENE1648X;GENE1581X;GENE556X;GENE2033X;GENE982X;GENE834X;GENE2513X;GENE1614X;GENE1647X;GENE1695X;GENE2104X;GENE3104X;GENE942X;GENE2595X;GENE3628X;GENE2483X;GENE2108X;GENE364X;GENE1702X;GENE373X;GENE3751X;GENE1573X;GENE1637X;GENE725X;GENE718X;GENE1732X;GENE2240X;GENE3605X;GENE1619X;GENE832X;GENE1613X;GENE1812X;GENE3752X;GENE2484X;GENE1516X;GENE712X;GENE1632X;GENE713X;GENE565X;GENE736X;GENE1130X;GENE1635X;GENE221X;GENE2181X;GENE362X;GENE711X;GENE1768X;GENE1813X;GENE2109X;GENE663X;GENE646X;GENE844X;GENE3757X;GENE923X;GENE1530X;GENE1207X;GENE2200X;GENE2757X;GENE2220X;GENE1636X;GENE1631X;GENE2103X;GENE2377X;GENE3626X;GENE1798X;GENE1131X;GENE550X;GENE1543X;GENE981X;GENE2740X;GENE2739X,0.097,0.174,0.895
46,NaiveBayes,InformationGain,10,GENE1610X;GENE3943X;GENE493X;GENE390X;GENE1537X;GENE1609X;GENE384X;GENE2760X;GENE2380X;GENE3945X,0.125,0.435,0.865
7,NaiveBayes,GainRatio,20,GENE3941X;GENE3944X;GENE3755X;GENE1125X;GENE3753X;GENE3754X;GENE3176X;GENE3588X;GENE1567X;GENE854X;GENE1126X;GENE86X;GENE946X;GENE1609X;GENE2595X;GENE385X;GENE1537X;GENE940X;GENE3898X;GENE1080X,0.125,0.174,0.927
6,NaiveBayes,GainRatio,10,GENE3941X;GENE3944X;GENE3755X;GENE1125X;GENE3753X;GENE3754X;GENE3176X;GENE3588X;GENE1567X;GENE854X,0.139,0.304,0.854
47,NaiveBayes,InformationGain,20,GENE1610X;GENE3943X;GENE493X;GENE390X;GENE1537X;GENE1609X;GENE384X;GENE2760X;GENE2380X;GENE3945X;GENE938X;GENE597X;GENE385X;GENE374X;GENE3941X;GENE655X;GENE639X;GENE3641X;GENE3642X;GENE3573X,0.125,0.13,0.902
59,NaiveBayes,ChiSquared,100,GENE1610X;GENE1609X;GENE1537X;GENE385X;GENE493X;GENE384X;GENE3941X;GENE3945X;GENE1567X;GENE3943X;GENE3258X;GENE3946X;GENE390X;GENE938X;GENE655X;GENE2760X;GENE1676X;GENE3641X;GENE3939X;GENE2462X;GENE3968X;GENE3932X;GENE2936X;GENE3461X;GENE3940X;GENE3574X;GENE1741X;GENE3642X;GENE3944X;GENE2033X;GENE2105X;GENE1672X;GENE1296X;GENE3755X;GENE3754X;GENE1612X;GENE520X;GENE2380X;GENE1673X;GENE3898X;GENE1617X;GENE2759X;GENE2550X;GENE473X;GENE1776X;GENE2464X;GENE3259X;GENE2758X;GENE598X;GENE2113X;GENE513X;GENE2713X;GENE597X;GENE374X;GENE1620X;GENE1658X;GENE2512X;GENE1659X;GENE1821X;GENE1622X;GENE528X;GENE1616X;GENE1618X;GENE386X;GENE1696X;GENE3967X;GENE982X;GENE3753X;GENE1125X;GENE514X;GENE1214X;GENE2460X;GENE662X;GENE639X;GENE373X;GENE187X;GENE3176X;GENE512X;GENE1812X;GENE500X;GENE1695X;GENE1647X;GENE1614X;GENE3573X;GENE1619X;GENE1648X;GENE1768X;GENE556X;GENE1613X;GENE832X;GENE221X;GENE3934X;GENE1813X;GENE1080X;GENE3628X;GENE593X;GENE981X;GENE364X;GENE1573X;GENE1637X,0.139,0.174,0.928
56,NaiveBayes,ChiSquared,10,GENE1610X;GENE1609X;GENE1537X;GENE385X;GENE493X;GENE384X;GENE3941X;GENE3945X;GENE1567X;GENE3943X,0.139,0.13,0.912
43,NaiveBayes,InformationGain,7,GENE1610X;GENE3943X;GENE493X;GENE390X;GENE1537X;GENE1609X;GENE384X,0.125,0.348,0.841
55,NaiveBayes,ChiSquared,9,GENE1610X;GENE1609X;GENE1537X;GENE385X;GENE493X;GENE384X;GENE3941X;GENE3945X;GENE1567X,0.167,0.13,0.912
70,5NN,GainRatio,100,GENE3941X;GENE3944X;GENE3755X;GENE1125X;GENE3753X;GENE3754X;GENE3176X;GENE3588X;GENE1567X;GENE854X;GENE1126X;GENE86X;GENE946X;GENE1609X;GENE2595X;GENE385X;GENE1537X;GENE940X;GENE3898X;GENE1080X;GENE384X;GENE493X;GENE520X;GENE3751X;GENE3752X;GENE3945X;GENE3586X;GENE3258X;GENE1666X;GENE2760X;GENE1676X;GENE3946X;GENE941X;GENE1490X;GENE597X;GENE374X;GENE1131X;GENE1798X;GENE1610X;GENE1618X;GENE639X;GENE3574X;GENE1964X;GENE3939X;GENE3573X;GENE3932X;GENE593X;GENE1776X;GENE2380X;GENE3461X;GENE1673X;GENE3943X;GENE1741X;GENE3968X;GENE1296X;GENE635X;GENE472X;GENE378X;GENE379X;GENE364X;GENE473X;GENE3940X;GENE3628X;GENE390X;GENE2190X;GENE567X;GENE568X;GENE610X;GENE1672X;GENE598X;GENE513X;GENE2105X;GENE1656X;GENE2186X;GENE2758X;GENE1622X;GENE1612X;GENE2759X;GENE636X;GENE455X;GENE1214X;GENE514X;GENE1658X;GENE512X;GENE500X;GENE2464X;GENE2740X;GENE2739X;GENE2113X;GENE717X;GENE2238X;GENE3642X;GENE1130X;GENE386X;GENE1617X;GENE2512X;GENE626X;GENE569X;GENE2550X;GENE3986X,0.069,0.304,0.887
15,NaiveBayes,SymmetricUncertainty,9,GENE3941X;GENE1609X;GENE1537X;GENE385X;GENE493X;GENE1567X;GENE384X;GENE1610X;GENE3944X,0.167,0.174,0.908
57,NaiveBayes,ChiSquared,20,GENE1610X;GENE1609X;GENE1537X;GENE385X;GENE493X;GENE384X;GENE3941X;GENE3945X;GENE1567X;GENE3943X;GENE3258X;GENE3946X;GENE390X;GENE938X;GENE655X;GENE2760X;GENE1676X;GENE3641X;GENE3939X;GENE2462X,0.097,0.261,0.937
66,5NN,GainRatio,9,GENE3941X;GENE3944X;GENE3755X;GENE1125X;GENE3753X;GENE3754X;GENE3176X;GENE3588X;GENE1567X,0.056,0.739,0.776
79,5NN,SymmetricUncertainty,50,GENE3941X;GENE1609X;GENE1537X;GENE385X;GENE493X;GENE1567X;GENE384X;GENE1610X;GENE3944X;GENE3755X;GENE3945X;GENE2760X;GENE3754X;GENE3943X;GENE597X;GENE1125X;GENE3753X;GENE374X;GENE390X;GENE3258X;GENE639X;GENE2380X;GENE3176X;GENE3573X;GENE3946X;GENE1676X;GENE593X;GENE3898X;GENE1673X;GENE1741X;GENE1296X;GENE473X;GENE3968X;GENE635X;GENE378X;GENE472X;GENE520X;GENE379X;GENE3939X;GENE598X;GENE513X;GENE3642X;GENE567X;GENE568X;GENE2190X;GENE3588X;GENE1672X;GENE610X;GENE938X;GENE2758X,0.056,0.304,0.883
114,5NN,ChiSquared,7,GENE1610X;GENE1609X;GENE1537X;GENE385X;GENE493X;GENE384X;GENE3941X,0.056,0.478,0.853
50,NaiveBayes,InformationGain,200,GENE1610X;GENE3943X;GENE493X;GENE390X;GENE1537X;GENE1609X;GENE384X;GENE2760X;GENE2380X;GENE3945X;GENE938X;GENE597X;GENE385X;GENE374X;GENE3941X;GENE655X;GENE639X;GENE3641X;GENE3642X;GENE3573X;GENE1673X;GENE593X;GENE1741X;GENE473X;GENE1296X;GENE3968X;GENE635X;GENE472X;GENE378X;GENE598X;GENE379X;GENE513X;GENE1567X;GENE3258X;GENE567X;GENE2190X;GENE568X;GENE1622X;GENE2758X;GENE1672X;GENE610X;GENE3946X;GENE2759X;GENE514X;GENE1214X;GENE2186X;GENE1656X;GENE512X;GENE1612X;GENE500X;GENE2105X;GENE2462X;GENE2113X;GENE636X;GENE455X;GENE1676X;GENE2936X;GENE3939X;GENE2512X;GENE737X;GENE2238X;GENE717X;GENE3940X;GENE662X;GENE2460X;GENE3965X;GENE3335X;GENE3461X;GENE3932X;GENE558X;GENE569X;GENE626X;GENE555X;GENE187X;GENE2550X;GENE1615X;GENE377X;GENE1578X;GENE1690X;GENE1617X;GENE1696X;GENE3967X;GENE3944X;GENE585X;GENE1620X;GENE3934X;GENE2033X;GENE1212X;GENE962X;GENE527X;GENE518X;GENE2106X;GENE3574X;GENE947X;GENE707X;GENE2668X;GENE3259X;GENE3755X;GENE1581X;GENE2209X;GENE1648X;GENE2239X;GENE556X;GENE606X;GENE2513X;GENE834X;GENE2713X;GENE3104X;GENE2104X;GENE735X;GENE652X;GENE3754X;GENE2464X;GENE721X;GENE1647X;GENE1695X;GENE1614X;GENE723X;GENE1573X;GENE1637X;GENE2107X;GENE734X;GENE642X;GENE1702X;GENE1516X;GENE528X;GENE2484X;GENE1613X;GENE832X;GENE1632X;GENE712X;GENE1635X;GENE362X;GENE942X;GENE2181X;GENE2108X;GENE2483X;GENE1619X;GENE1821X;GENE1659X;GENE711X;GENE1616X;GENE725X;GENE3605X;GENE718X;GENE2240X;GENE1732X;GENE2757X;GENE2377X;GENE1636X;GENE1631X;GENE520X;GENE1207X;GENE550X;GENE1776X;GENE1543X;GENE221X;GENE982X;GENE1582X;GENE3955X;GENE3898X;GENE373X;GENE2200X;GENE1875X;GENE1633X;GENE2103X;GENE713X;GENE565X;GENE736X;GENE637X;GENE1658X;GENE3626X;GENE1223X;GENE1605X;GENE1768X;GENE3753X;GENE1125X;GENE1733X;GENE646X;GENE3757X;GENE844X;GENE2109X;GENE663X;GENE923X;GENE1530X;GENE3400X;GENE386X;GENE3860X;GENE981X;GENE1812X;GENE738X;GENE2558X;GENE529X;GENE3334X;GENE3176X;GENE516X;GENE720X;GENE1628X;GENE656X;GENE611X,0.181,0.13,0.905
48,NaiveBayes,InformationGain,50,GENE1610X;GENE3943X;GENE493X;GENE390X;GENE1537X;GENE1609X;GENE384X;GENE2760X;GENE2380X;GENE3945X;GENE938X;GENE597X;GENE385X;GENE374X;GENE3941X;GENE655X;GENE639X;GENE3641X;GENE3642X;GENE3573X;GENE1673X;GENE593X;GENE1741X;GENE473X;GENE1296X;GENE3968X;GENE635X;GENE472X;GENE378X;GENE598X;GENE379X;GENE513X;GENE1567X;GENE3258X;GENE567X;GENE2190X;GENE568X;GENE1622X;GENE2758X;GENE1672X;GENE610X;GENE3946X;GENE2759X;GENE514X;GENE1214X;GENE2186X;GENE1656X;GENE512X;GENE1612X;GENE500X,0.139,0.174,0.927
2,NaiveBayes,GainRatio,6,GENE3941X;GENE3944X;GENE3755X;GENE1125X;GENE3753X;GENE3754X,0.153,0.435,0.821
52,NaiveBayes,ChiSquared,6,GENE1610X;GENE1609X;GENE1537X;GENE385X;GENE493X;GENE384X,0.139,0.261,0.888
20,NaiveBayes,SymmetricUncertainty,200,GENE3941X;GENE1609X;GENE1537X;GENE385X;GENE493X;GENE1567X;GENE384X;GENE1610X;GENE3944X;GENE3755X;GENE3945X;GENE2760X;GENE3754X;GENE3943X;GENE597X;GENE1125X;GENE3753X;GENE374X;GENE390X;GENE3258X;GENE639X;GENE2380X;GENE3176X;GENE3573X;GENE3946X;GENE1676X;GENE593X;GENE3898X;GENE1673X;GENE1741X;GENE1296X;GENE473X;GENE3968X;GENE635X;GENE378X;GENE472X;GENE520X;GENE379X;GENE3939X;GENE598X;GENE513X;GENE3642X;GENE567X;GENE568X;GENE2190X;GENE3588X;GENE1672X;GENE610X;GENE938X;GENE2758X;GENE1622X;GENE3932X;GENE2186X;GENE1656X;GENE3461X;GENE3574X;GENE2105X;GENE2759X;GENE514X;GENE1214X;GENE1612X;GENE3940X;GENE636X;GENE455X;GENE3641X;GENE512X;GENE655X;GENE500X;GENE2113X;GENE86X;GENE1080X;GENE946X;GENE2512X;GENE2238X;GENE717X;GENE737X;GENE1776X;GENE569X;GENE626X;GENE1617X;GENE3965X;GENE662X;GENE2460X;GENE3335X;GENE2550X;GENE555X;GENE377X;GENE1578X;GENE1690X;GENE558X;GENE1212X;GENE1618X;GENE2464X;GENE3259X;GENE1620X;GENE518X;GENE2106X;GENE585X;GENE187X;GENE1615X;GENE1696X;GENE3967X;GENE947X;GENE707X;GENE2668X;GENE940X;GENE2713X;GENE3934X;GENE527X;GENE962X;GENE1658X;GENE854X;GENE1126X;GENE735X;GENE652X;GENE2462X;GENE1659X;GENE1821X;GENE721X;GENE528X;GENE2239X;GENE723X;GENE1616X;GENE642X;GENE2107X;GENE734X;GENE386X;GENE2209X;GENE2936X;GENE1648X;GENE1581X;GENE556X;GENE2033X;GENE982X;GENE834X;GENE2513X;GENE1614X;GENE1647X;GENE1695X;GENE2104X;GENE3104X;GENE942X;GENE2595X;GENE3628X;GENE2483X;GENE2108X;GENE364X;GENE1702X;GENE373X;GENE3751X;GENE1573X;GENE1637X;GENE725X;GENE718X;GENE1732X;GENE2240X;GENE3605X;GENE1619X;GENE832X;GENE1613X;GENE1812X;GENE3752X;GENE2484X;GENE1516X;GENE712X;GENE1632X;GENE713X;GENE565X;GENE736X;GENE1130X;GENE1635X;GENE221X;GENE2181X;GENE362X;GENE711X;GENE1768X;GENE1813X;GENE2109X;GENE663X;GENE646X;GENE844X;GENE3757X;GENE923X;GENE1530X;GENE1207X;GENE2200X;GENE2757X;GENE2220X;GENE1636X;GENE1631X;GENE2103X;GENE2377X;GENE3626X;GENE1798X;GENE1131X;GENE550X;GENE1543X;GENE981X;GENE2740X;GENE2739X,0.181,0.13,0.918
102,5NN,InformationGain,5,GENE1610X;GENE3943X;GENE493X;GENE390X;GENE1537X,0.083,0.478,0.811
116,5NN,ChiSquared,9,GENE1610X;GENE1609X;GENE1537X;GENE385X;GENE493X;GENE384X;GENE3941X;GENE3945X;GENE1567X,0.083,0.478,0.893
51,NaiveBayes,ChiSquared,5,GENE1610X;GENE1609X;GENE1537X;GENE385X;GENE493X,0.111,0.304,0.879
105,5NN,InformationGain,8,GENE1610X;GENE3943X;GENE493X;GENE390X;GENE1537X;GENE1609X;GENE384X;GENE2760X,0.111,0.522,0.806
115,5NN,ChiSquared,8,GENE1610X;GENE1609X;GENE1537X;GENE385X;GENE493X;GENE384X;GENE3941X;GENE3945X,0.069,0.478,0.867
10,NaiveBayes,GainRatio,200,GENE3941X;GENE3944X;GENE3755X;GENE1125X;GENE3753X;GENE3754X;GENE3176X;GENE3588X;GENE1567X;GENE854X;GENE1126X;GENE86X;GENE946X;GENE1609X;GENE2595X;GENE385X;GENE1537X;GENE940X;GENE3898X;GENE1080X;GENE384X;GENE493X;GENE520X;GENE3751X;GENE3752X;GENE3945X;GENE3586X;GENE3258X;GENE1666X;GENE2760X;GENE1676X;GENE3946X;GENE941X;GENE1490X;GENE597X;GENE374X;GENE1131X;GENE1798X;GENE1610X;GENE1618X;GENE639X;GENE3574X;GENE1964X;GENE3939X;GENE3573X;GENE3932X;GENE593X;GENE1776X;GENE2380X;GENE3461X;GENE1673X;GENE3943X;GENE1741X;GENE3968X;GENE1296X;GENE635X;GENE472X;GENE378X;GENE379X;GENE364X;GENE473X;GENE3940X;GENE3628X;GENE390X;GENE2190X;GENE567X;GENE568X;GENE610X;GENE1672X;GENE598X;GENE513X;GENE2105X;GENE1656X;GENE2186X;GENE2758X;GENE1622X;GENE1612X;GENE2759X;GENE636X;GENE455X;GENE1214X;GENE514X;GENE1658X;GENE512X;GENE500X;GENE2464X;GENE2740X;GENE2739X;GENE2113X;GENE717X;GENE2238X;GENE3642X;GENE1130X;GENE386X;GENE1617X;GENE2512X;GENE626X;GENE569X;GENE2550X;GENE3986X;GENE3590X;GENE555X;GENE3259X;GENE1578X;GENE1690X;GENE377X;GENE1212X;GENE737X;GENE3965X;GENE662X;GENE2460X;GENE2117X;GENE3335X;GENE2106X;GENE518X;GENE1659X;GENE1821X;GENE1630X;GENE2713X;GENE938X;GENE947X;GENE1616X;GENE707X;GENE558X;GENE2668X;GENE1620X;GENE585X;GENE528X;GENE3967X;GENE1696X;GENE187X;GENE982X;GENE1615X;GENE735X;GENE2220X;GENE1812X;GENE652X;GENE1813X;GENE3641X;GENE373X;GENE721X;GENE723X;GENE642X;GENE734X;GENE2107X;GENE655X;GENE3934X;GENE527X;GENE962X;GENE2239X;GENE942X;GENE2108X;GENE2483X;GENE1707X;GENE2209X;GENE2465X;GENE725X;GENE718X;GENE2240X;GENE3605X;GENE1732X;GENE1648X;GENE1647X;GENE1695X;GENE1614X;GENE1581X;GENE556X;GENE1757X;GENE1702X;GENE2104X;GENE1619X;GENE834X;GENE2513X;GENE565X;GENE713X;GENE736X;GENE3104X;GENE1128X;GENE1211X;GENE1604X;GENE1768X;GENE646X;GENE2109X;GENE844X;GENE663X;GENE3757X;GENE1530X;GENE923X;GENE1613X;GENE832X;GENE1637X;GENE1573X;GENE221X;GENE2484X;GENE1516X;GENE2033X;GENE3408X;GENE712X;GENE3985X;GENE2885X,0.181,0.087,0.93
119,5NN,ChiSquared,50,GENE1610X;GENE1609X;GENE1537X;GENE385X;GENE493X;GENE384X;GENE3941X;GENE3945X;GENE1567X;GENE3943X;GENE3258X;GENE3946X;GENE390X;GENE938X;GENE655X;GENE2760X;GENE1676X;GENE3641X;GENE3939X;GENE2462X;GENE3968X;GENE3932X;GENE2936X;GENE3461X;GENE3940X;GENE3574X;GENE1741X;GENE3642X;GENE3944X;GENE2033X;GENE2105X;GENE1672X;GENE1296X;GENE3755X;GENE3754X;GENE1612X;GENE520X;GENE2380X;GENE1673X;GENE3898X;GENE1617X;GENE2759X;GENE2550X;GENE473X;GENE1776X;GENE2464X;GENE3259X;GENE2758X;GENE598X;GENE2113X,0.028,0.304,0.922
41,NaiveBayes,InformationGain,5,GENE1610X;GENE3943X;GENE493X;GENE390X;GENE1537X,0.153,0.348,0.808
53,NaiveBayes,ChiSquared,7,GENE1610X;GENE1609X;GENE1537X;GENE385X;GENE493X;GENE384X;GENE3941X,0.181,0.261,0.888
3,NaiveBayes,GainRatio,7,GENE3941X;GENE3944X;GENE3755X;GENE1125X;GENE3753X;GENE3754X;GENE3176X,0.194,0.435,0.821
103,5NN,InformationGain,6,GENE1610X;GENE3943X;GENE493X;GENE390X;GENE1537X;GENE1609X,0.125,0.522,0.809
118,5NN,ChiSquared,20,GENE1610X;GENE1609X;GENE1537X;GENE385X;GENE493X;GENE384X;GENE3941X;GENE3945X;GENE1567X;GENE3943X;GENE3258X;GENE3946X;GENE390X;GENE938X;GENE655X;GENE2760X;GENE1676X;GENE3641X;GENE3939X;GENE2462X,0.028,0.478,0.87
106,5NN,InformationGain,9,GENE1610X;GENE3943X;GENE493X;GENE390X;GENE1537X;GENE1609X;GENE384X;GENE2760X;GENE2380X,0.083,0.522,0.835
78,5NN,SymmetricUncertainty,20,GENE3941X;GENE1609X;GENE1537X;GENE385X;GENE493X;GENE1567X;GENE384X;GENE1610X;GENE3944X;GENE3755X;GENE3945X;GENE2760X;GENE3754X;GENE3943X;GENE597X;GENE1125X;GENE3753X;GENE374X;GENE390X;GENE3258X,0.014,0.348,0.932
117,5NN,ChiSquared,10,GENE1610X;GENE1609X;GENE1537X;GENE385X;GENE493X;GENE384X;GENE3941X;GENE3945X;GENE1567X;GENE3943X,0.042,0.522,0.893
42,NaiveBayes,InformationGain,6,GENE1610X;GENE3943X;GENE493X;GENE390X;GENE1537X;GENE1609X,0.139,0.391,0.833
71,5NN,GainRatio,200,GENE3941X;GENE3944X;GENE3755X;GENE1125X;GENE3753X;GENE3754X;GENE3176X;GENE3588X;GENE1567X;GENE854X;GENE1126X;GENE86X;GENE946X;GENE1609X;GENE2595X;GENE385X;GENE1537X;GENE940X;GENE3898X;GENE1080X;GENE384X;GENE493X;GENE520X;GENE3751X;GENE3752X;GENE3945X;GENE3586X;GENE3258X;GENE1666X;GENE2760X;GENE1676X;GENE3946X;GENE941X;GENE1490X;GENE597X;GENE374X;GENE1131X;GENE1798X;GENE1610X;GENE1618X;GENE639X;GENE3574X;GENE1964X;GENE3939X;GENE3573X;GENE3932X;GENE593X;GENE1776X;GENE2380X;GENE3461X;GENE1673X;GENE3943X;GENE1741X;GENE3968X;GENE1296X;GENE635X;GENE472X;GENE378X;GENE379X;GENE364X;GENE473X;GENE3940X;GENE3628X;GENE390X;GENE2190X;GENE567X;GENE568X;GENE610X;GENE1672X;GENE598X;GENE513X;GENE2105X;GENE1656X;GENE2186X;GENE2758X;GENE1622X;GENE1612X;GENE2759X;GENE636X;GENE455X;GENE1214X;GENE514X;GENE1658X;GENE512X;GENE500X;GENE2464X;GENE2740X;GENE2739X;GENE2113X;GENE717X;GENE2238X;GENE3642X;GENE1130X;GENE386X;GENE1617X;GENE2512X;GENE626X;GENE569X;GENE2550X;GENE3986X;GENE3590X;GENE555X;GENE3259X;GENE1578X;GENE1690X;GENE377X;GENE1212X;GENE737X;GENE3965X;GENE662X;GENE2460X;GENE2117X;GENE3335X;GENE2106X;GENE518X;GENE1659X;GENE1821X;GENE1630X;GENE2713X;GENE938X;GENE947X;GENE1616X;GENE707X;GENE558X;GENE2668X;GENE1620X;GENE585X;GENE528X;GENE3967X;GENE1696X;GENE187X;GENE982X;GENE1615X;GENE735X;GENE2220X;GENE1812X;GENE652X;GENE1813X;GENE3641X;GENE373X;GENE721X;GENE723X;GENE642X;GENE734X;GENE2107X;GENE655X;GENE3934X;GENE527X;GENE962X;GENE2239X;GENE942X;GENE2108X;GENE2483X;GENE1707X;GENE2209X;GENE2465X;GENE725X;GENE718X;GENE2240X;GENE3605X;GENE1732X;GENE1648X;GENE1647X;GENE1695X;GENE1614X;GENE1581X;GENE556X;GENE1757X;GENE1702X;GENE2104X;GENE1619X;GENE834X;GENE2513X;GENE565X;GENE713X;GENE736X;GENE3104X;GENE1128X;GENE1211X;GENE1604X;GENE1768X;GENE646X;GENE2109X;GENE844X;GENE663X;GENE3757X;GENE1530X;GENE923X;GENE1613X;GENE832X;GENE1637X;GENE1573X;GENE221X;GENE2484X;GENE1516X;GENE2033X;GENE3408X;GENE712X;GENE3985X;GENE2885X,0.069,0.261,0.894
60,NaiveBayes,ChiSquared,200,GENE1610X;GENE1609X;GENE1537X;GENE385X;GENE493X;GENE384X;GENE3941X;GENE3945X;GENE1567X;GENE3943X;GENE3258X;GENE3946X;GENE390X;GENE938X;GENE655X;GENE2760X;GENE1676X;GENE3641X;GENE3939X;GENE2462X;GENE3968X;GENE3932X;GENE2936X;GENE3461X;GENE3940X;GENE3574X;GENE1741X;GENE3642X;GENE3944X;GENE2033X;GENE2105X;GENE1672X;GENE1296X;GENE3755X;GENE3754X;GENE1612X;GENE520X;GENE2380X;GENE1673X;GENE3898X;GENE1617X;GENE2759X;GENE2550X;GENE473X;GENE1776X;GENE2464X;GENE3259X;GENE2758X;GENE598X;GENE2113X;GENE513X;GENE2713X;GENE597X;GENE374X;GENE1620X;GENE1658X;GENE2512X;GENE1659X;GENE1821X;GENE1622X;GENE528X;GENE1616X;GENE1618X;GENE386X;GENE1696X;GENE3967X;GENE982X;GENE3753X;GENE1125X;GENE514X;GENE1214X;GENE2460X;GENE662X;GENE639X;GENE373X;GENE187X;GENE3176X;GENE512X;GENE1812X;GENE500X;GENE1695X;GENE1647X;GENE1614X;GENE3573X;GENE1619X;GENE1648X;GENE1768X;GENE556X;GENE1613X;GENE832X;GENE221X;GENE3934X;GENE1813X;GENE1080X;GENE3628X;GENE593X;GENE981X;GENE364X;GENE1573X;GENE1637X;GENE2220X;GENE737X;GENE3626X;GENE3965X;GENE1130X;GENE3408X;GENE1207X;GENE3335X;GENE558X;GENE1632X;GENE1635X;GENE1740X;GENE834X;GENE2513X;GENE472X;GENE635X;GENE378X;GENE606X;GENE379X;GENE2757X;GENE529X;GENE1875X;GENE1615X;GENE1707X;GENE1631X;GENE1636X;GENE446X;GENE3979X;GENE2739X;GENE2740X;GENE1581X;GENE1757X;GENE567X;GENE568X;GENE2190X;GENE2148X;GENE527X;GENE962X;GENE2377X;GENE1769X;GENE3257X;GENE2558X;GENE610X;GENE3590X;GENE3156X;GENE3104X;GENE3860X;GENE3447X;GENE362X;GENE1733X;GENE3955X;GENE2186X;GENE1656X;GENE3588X;GENE1518X;GENE471X;GENE2154X;GENE1516X;GENE1887X;GENE550X;GENE1543X;GENE2209X;GENE86X;GENE1582X;GENE1644X;GENE392X;GENE1711X;GENE2104X;GENE395X;GENE1590X;GENE1588X;GENE946X;GENE585X;GENE455X;GENE636X;GENE2226X;GENE2375X;GENE2181X;GENE2871X;GENE1585X;GENE637X;GENE3986X;GENE1605X;GENE1630X;GENE1226X;GENE1544X;GENE2465X;GENE3958X;GENE3751X;GENE3924X;GENE1964X;GENE1131X;GENE1798X;GENE2484X;GENE1489X;GENE3933X;GENE1742X;GENE712X;GENE1684X;GENE3752X,0.181,0.13,0.928
73,5NN,SymmetricUncertainty,6,GENE3941X;GENE1609X;GENE1537X;GENE385X;GENE493X;GENE1567X,0.069,0.435,0.846
109,5NN,InformationGain,50,GENE1610X;GENE3943X;GENE493X;GENE390X;GENE1537X;GENE1609X;GENE384X;GENE2760X;GENE2380X;GENE3945X;GENE938X;GENE597X;GENE385X;GENE374X;GENE3941X;GENE655X;GENE639X;GENE3641X;GENE3642X;GENE3573X;GENE1673X;GENE593X;GENE1741X;GENE473X;GENE1296X;GENE3968X;GENE635X;GENE472X;GENE378X;GENE598X;GENE379X;GENE513X;GENE1567X;GENE3258X;GENE567X;GENE2190X;GENE568X;GENE1622X;GENE2758X;GENE1672X;GENE610X;GENE3946X;GENE2759X;GENE514X;GENE1214X;GENE2186X;GENE1656X;GENE512X;GENE1612X;GENE500X,0.111,0.261,0.88
58,NaiveBayes,ChiSquared,50,GENE1610X;GENE1609X;GENE1537X;GENE385X;GENE493X;GENE384X;GENE3941X;GENE3945X;GENE1567X;GENE3943X;GENE3258X;GENE3946X;GENE390X;GENE938X;GENE655X;GENE2760X;GENE1676X;GENE3641X;GENE3939X;GENE2462X;GENE3968X;GENE3932X;GENE2936X;GENE3461X;GENE3940X;GENE3574X;GENE1741X;GENE3642X;GENE3944X;GENE2033X;GENE2105X;GENE1672X;GENE1296X;GENE3755X;GENE3754X;GENE1612X;GENE520X;GENE2380X;GENE1673X;GENE3898X;GENE1617X;GENE2759X;GENE2550X;GENE473X;GENE1776X;GENE2464X;GENE3259X;GENE2758X;GENE598X;GENE2113X,0.139,0.087,0.937
68,5NN,GainRatio,20,GENE3941X;GENE3944X;GENE3755X;GENE1125X;GENE3753X;GENE3754X;GENE3176X;GENE3588X;GENE1567X;GENE854X;GENE1126X;GENE86X;GENE946X;GENE1609X;GENE2595X;GENE385X;GENE1537X;GENE940X;GENE3898X;GENE1080X,0.0,0.478,0.873
110,5NN,InformationGain,100,GENE1610X;GENE3943X;GENE493X;GENE390X;GENE1537X;GENE1609X;GENE384X;GENE2760X;GENE2380X;GENE3945X;GENE938X;GENE597X;GENE385X;GENE374X;GENE3941X;GENE655X;GENE639X;GENE3641X;GENE3642X;GENE3573X;GENE1673X;GENE593X;GENE1741X;GENE473X;GENE1296X;GENE3968X;GENE635X;GENE472X;GENE378X;GENE598X;GENE379X;GENE513X;GENE1567X;GENE3258X;GENE567X;GENE2190X;GENE568X;GENE1622X;GENE2758X;GENE1672X;GENE610X;GENE3946X;GENE2759X;GENE514X;GENE1214X;GENE2186X;GENE1656X;GENE512X;GENE1612X;GENE500X;GENE2105X;GENE2462X;GENE2113X;GENE636X;GENE455X;GENE1676X;GENE2936X;GENE3939X;GENE2512X;GENE737X;GENE2238X;GENE717X;GENE3940X;GENE662X;GENE2460X;GENE3965X;GENE3335X;GENE3461X;GENE3932X;GENE558X;GENE569X;GENE626X;GENE555X;GENE187X;GENE2550X;GENE1615X;GENE377X;GENE1578X;GENE1690X;GENE1617X;GENE1696X;GENE3967X;GENE3944X;GENE585X;GENE1620X;GENE3934X;GENE2033X;GENE1212X;GENE962X;GENE527X;GENE518X;GENE2106X;GENE3574X;GENE947X;GENE707X;GENE2668X;GENE3259X;GENE3755X;GENE1581X;GENE2209X,0.097,0.13,0.929
64,5NN,GainRatio,7,GENE3941X;GENE3944X;GENE3755X;GENE1125X;GENE3753X;GENE3754X;GENE3176X,0.028,0.739,0.784
104,5NN,InformationGain,7,GENE1610X;GENE3943X;GENE493X;GENE390X;GENE1537X;GENE1609X;GENE384X,0.111,0.391,0.836
113,5NN,ChiSquared,6,GENE1610X;GENE1609X;GENE1537X;GENE385X;GENE493X;GENE384X,0.097,0.522,0.839
76,5NN,SymmetricUncertainty,9,GENE3941X;GENE1609X;GENE1537X;GENE385X;GENE493X;GENE1567X;GENE384X;GENE1610X;GENE3944X,0.042,0.435,0.883
121,5NN,ChiSquared,200,GENE1610X;GENE1609X;GENE1537X;GENE385X;GENE493X;GENE384X;GENE3941X;GENE3945X;GENE1567X;GENE3943X;GENE3258X;GENE3946X;GENE390X;GENE938X;GENE655X;GENE2760X;GENE1676X;GENE3641X;GENE3939X;GENE2462X;GENE3968X;GENE3932X;GENE2936X;GENE3461X;GENE3940X;GENE3574X;GENE1741X;GENE3642X;GENE3944X;GENE2033X;GENE2105X;GENE1672X;GENE1296X;GENE3755X;GENE3754X;GENE1612X;GENE520X;GENE2380X;GENE1673X;GENE3898X;GENE1617X;GENE2759X;GENE2550X;GENE473X;GENE1776X;GENE2464X;GENE3259X;GENE2758X;GENE598X;GENE2113X;GENE513X;GENE2713X;GENE597X;GENE374X;GENE1620X;GENE1658X;GENE2512X;GENE1659X;GENE1821X;GENE1622X;GENE528X;GENE1616X;GENE1618X;GENE386X;GENE1696X;GENE3967X;GENE982X;GENE3753X;GENE1125X;GENE514X;GENE1214X;GENE2460X;GENE662X;GENE639X;GENE373X;GENE187X;GENE3176X;GENE512X;GENE1812X;GENE500X;GENE1695X;GENE1647X;GENE1614X;GENE3573X;GENE1619X;GENE1648X;GENE1768X;GENE556X;GENE1613X;GENE832X;GENE221X;GENE3934X;GENE1813X;GENE1080X;GENE3628X;GENE593X;GENE981X;GENE364X;GENE1573X;GENE1637X;GENE2220X;GENE737X;GENE3626X;GENE3965X;GENE1130X;GENE3408X;GENE1207X;GENE3335X;GENE558X;GENE1632X;GENE1635X;GENE1740X;GENE834X;GENE2513X;GENE472X;GENE635X;GENE378X;GENE606X;GENE379X;GENE2757X;GENE529X;GENE1875X;GENE1615X;GENE1707X;GENE1631X;GENE1636X;GENE446X;GENE3979X;GENE2739X;GENE2740X;GENE1581X;GENE1757X;GENE567X;GENE568X;GENE2190X;GENE2148X;GENE527X;GENE962X;GENE2377X;GENE1769X;GENE3257X;GENE2558X;GENE610X;GENE3590X;GENE3156X;GENE3104X;GENE3860X;GENE3447X;GENE362X;GENE1733X;GENE3955X;GENE2186X;GENE1656X;GENE3588X;GENE1518X;GENE471X;GENE2154X;GENE1516X;GENE1887X;GENE550X;GENE1543X;GENE2209X;GENE86X;GENE1582X;GENE1644X;GENE392X;GENE1711X;GENE2104X;GENE395X;GENE1590X;GENE1588X;GENE946X;GENE585X;GENE455X;GENE636X;GENE2226X;GENE2375X;GENE2181X;GENE2871X;GENE1585X;GENE637X;GENE3986X;GENE1605X;GENE1630X;GENE1226X;GENE1544X;GENE2465X;GENE3958X;GENE3751X;GENE3924X;GENE1964X;GENE1131X;GENE1798X;GENE2484X;GENE1489X;GENE3933X;GENE1742X;GENE712X;GENE1684X;GENE3752X,0.069,0.217,0.907
108,5NN,InformationGain,20,GENE1610X;GENE3943X;GENE493X;GENE390X;GENE1537X;GENE1609X;GENE384X;GENE2760X;GENE2380X;GENE3945X;GENE938X;GENE597X;GENE385X;GENE374X;GENE3941X;GENE655X;GENE639X;GENE3641X;GENE3642X;GENE3573X,0.069,0.435,0.882
69,5NN,GainRatio,50,GENE3941X;GENE3944X;GENE3755X;GENE1125X;GENE3753X;GENE3754X;GENE3176X;GENE3588X;GENE1567X;GENE854X;GENE1126X;GENE86X;GENE946X;GENE1609X;GENE2595X;GENE385X;GENE1537X;GENE940X;GENE3898X;GENE1080X;GENE384X;GENE493X;GENE520X;GENE3751X;GENE3752X;GENE3945X;GENE3586X;GENE3258X;GENE1666X;GENE2760X;GENE1676X;GENE3946X;GENE941X;GENE1490X;GENE597X;GENE374X;GENE1131X;GENE1798X;GENE1610X;GENE1618X;GENE639X;GENE3574X;GENE1964X;GENE3939X;GENE3573X;GENE3932X;GENE593X;GENE1776X;GENE2380X;GENE3461X,0.042,0.391,0.892
111,5NN,InformationGain,200,GENE1610X;GENE3943X;GENE493X;GENE390X;GENE1537X;GENE1609X;GENE384X;GENE2760X;GENE2380X;GENE3945X;GENE938X;GENE597X;GENE385X;GENE374X;GENE3941X;GENE655X;GENE639X;GENE3641X;GENE3642X;GENE3573X;GENE1673X;GENE593X;GENE1741X;GENE473X;GENE1296X;GENE3968X;GENE635X;GENE472X;GENE378X;GENE598X;GENE379X;GENE513X;GENE1567X;GENE3258X;GENE567X;GENE2190X;GENE568X;GENE1622X;GENE2758X;GENE1672X;GENE610X;GENE3946X;GENE2759X;GENE514X;GENE1214X;GENE2186X;GENE1656X;GENE512X;GENE1612X;GENE500X;GENE2105X;GENE2462X;GENE2113X;GENE636X;GENE455X;GENE1676X;GENE2936X;GENE3939X;GENE2512X;GENE737X;GENE2238X;GENE717X;GENE3940X;GENE662X;GENE2460X;GENE3965X;GENE3335X;GENE3461X;GENE3932X;GENE558X;GENE569X;GENE626X;GENE555X;GENE187X;GENE2550X;GENE1615X;GENE377X;GENE1578X;GENE1690X;GENE1617X;GENE1696X;GENE3967X;GENE3944X;GENE585X;GENE1620X;GENE3934X;GENE2033X;GENE1212X;GENE962X;GENE527X;GENE518X;GENE2106X;GENE3574X;GENE947X;GENE707X;GENE2668X;GENE3259X;GENE3755X;GENE1581X;GENE2209X;GENE1648X;GENE2239X;GENE556X;GENE606X;GENE2513X;GENE834X;GENE2713X;GENE3104X;GENE2104X;GENE735X;GENE652X;GENE3754X;GENE2464X;GENE721X;GENE1647X;GENE1695X;GENE1614X;GENE723X;GENE1573X;GENE1637X;GENE2107X;GENE734X;GENE642X;GENE1702X;GENE1516X;GENE528X;GENE2484X;GENE1613X;GENE832X;GENE1632X;GENE712X;GENE1635X;GENE362X;GENE942X;GENE2181X;GENE2108X;GENE2483X;GENE1619X;GENE1821X;GENE1659X;GENE711X;GENE1616X;GENE725X;GENE3605X;GENE718X;GENE2240X;GENE1732X;GENE2757X;GENE2377X;GENE1636X;GENE1631X;GENE520X;GENE1207X;GENE550X;GENE1776X;GENE1543X;GENE221X;GENE982X;GENE1582X;GENE3955X;GENE3898X;GENE373X;GENE2200X;GENE1875X;GENE1633X;GENE2103X;GENE713X;GENE565X;GENE736X;GENE637X;GENE1658X;GENE3626X;GENE1223X;GENE1605X;GENE1768X;GENE3753X;GENE1125X;GENE1733X;GENE646X;GENE3757X;GENE844X;GENE2109X;GENE663X;GENE923X;GENE1530X;GENE3400X;GENE386X;GENE3860X;GENE981X;GENE1812X;GENE738X;GENE2558X;GENE529X;GENE3334X;GENE3176X;GENE516X;GENE720X;GENE1628X;GENE656X;GENE611X,0.097,0.174,0.918
63,5NN,GainRatio,6,GENE3941X;GENE3944X;GENE3755X;GENE1125X;GENE3753X;GENE3754X,0.014,0.739,0.755
120,5NN,ChiSquared,100,GENE1610X;GENE1609X;GENE1537X;GENE385X;GENE493X;GENE384X;GENE3941X;GENE3945X;GENE1567X;GENE3943X;GENE3258X;GENE3946X;GENE390X;GENE938X;GENE655X;GENE2760X;GENE1676X;GENE3641X;GENE3939X;GENE2462X;GENE3968X;GENE3932X;GENE2936X;GENE3461X;GENE3940X;GENE3574X;GENE1741X;GENE3642X;GENE3944X;GENE2033X;GENE2105X;GENE1672X;GENE1296X;GENE3755X;GENE3754X;GENE1612X;GENE520X;GENE2380X;GENE1673X;GENE3898X;GENE1617X;GENE2759X;GENE2550X;GENE473X;GENE1776X;GENE2464X;GENE3259X;GENE2758X;GENE598X;GENE2113X;GENE513X;GENE2713X;GENE597X;GENE374X;GENE1620X;GENE1658X;GENE2512X;GENE1659X;GENE1821X;GENE1622X;GENE528X;GENE1616X;GENE1618X;GENE386X;GENE1696X;GENE3967X;GENE982X;GENE3753X;GENE1125X;GENE514X;GENE1214X;GENE2460X;GENE662X;GENE639X;GENE373X;GENE187X;GENE3176X;GENE512X;GENE1812X;GENE500X;GENE1695X;GENE1647X;GENE1614X;GENE3573X;GENE1619X;GENE1648X;GENE1768X;GENE556X;GENE1613X;GENE832X;GENE221X;GENE3934X;GENE1813X;GENE1080X;GENE3628X;GENE593X;GENE981X;GENE364X;GENE1573X;GENE1637X,0.042,0.261,0.896
112,5NN,ChiSquared,5,GENE1610X;GENE1609X;GENE1537X;GENE385X;GENE493X,0.056,0.522,0.812
107,5NN,InformationGain,10,GENE1610X;GENE3943X;GENE493X;GENE390X;GENE1537X;GENE1609X;GENE384X;GENE2760X;GENE2380X;GENE3945X,0.097,0.391,0.849
24,NaiveBayes,ReliefF,8,GENE1567X;GENE1610X;GENE2462X;GENE1658X;GENE1622X;GENE1609X;GENE1632X;GENE1657X,0.208,0.217,0.882
40,NaiveBayes,ReliefF-W,200,GENE1610X;GENE1567X;GENE1637X;GENE1658X;GENE2462X;GENE1622X;GENE1612X;GENE1636X;GENE1639X;GENE1648X;GENE611X;GENE1647X;GENE1607X;GENE1657X;GENE384X;GENE3332X;GENE3944X;GENE1659X;GENE1769X;GENE1632X;GENE2103X;GENE529X;GENE1615X;GENE1609X;GENE1672X;GENE1603X;GENE2104X;GENE2713X;GENE1613X;GENE1635X;GENE1611X;GENE1717X;GENE3688X;GENE1673X;GENE1608X;GENE3325X;GENE1604X;GENE1560X;GENE3689X;GENE1884X;GENE1656X;GENE1653X;GENE1719X;GENE3939X;GENE386X;GENE399X;GENE2402X;GENE524X;GENE1718X;GENE1614X;GENE2378X;GENE236X;GENE1661X;GENE1740X;GENE0X;GENE385X;GENE1731X;GENE3945X;GENE3329X;GENE613X;GENE1642X;GENE1644X;GENE1650X;GENE1720X;GENE1631X;GENE512X;GENE1226X;GENE528X;GENE1537X;GENE1296X;GENE2693X;GENE653X;GENE1821X;GENE3917X;GENE3327X;GENE3649X;GENE1676X;GENE3833X;GENE1599X;GENE1619X;GENE1568X;GENE2379X;GENE3648X;GENE3690X;GENE915X;GENE636X;GENE1544X;GENE1662X;GENE1600X;GENE3863X;GENE1328X;GENE530X;GENE1651X;GENE1134X;GENE3621X;GENE654X;GENE3946X;GENE101X;GENE3104X;GENE493X;GENE1700X;GENE1602X;GENE3651X;GENE1596X;GENE651X;GENE2066X;GENE3650X;GENE1623X;GENE3290X;GENE721X;GENE1617X;GENE1875X;GENE2236X;GENE655X;GENE3626X;GENE3289X;GENE1039X;GENE3632X;GENE2245X;GENE2464X;GENE1737X;GENE537X;GENE2127X;GENE2395X;GENE1585X;GENE531X;GENE2403X;GENE2381X;GENE1730X;GENE2271X;GENE391X;GENE598X;GENE1297X;GENE3324X;GENE3620X;GENE1526X;GENE1606X;GENE3330X;GENE506X;GENE967X;GENE637X;GENE1225X;GENE2401X;GENE2363X;GENE3834X;GENE2106X;GENE3874X;GENE3027X;GENE3147X;GENE3335X;GENE1625X;GENE3943X;GENE3319X;GENE375X;GENE593X;GENE1574X;GENE3326X;GENE834X;GENE2380X;GENE2399X;GENE739X;GENE1702X;GENE1598X;GENE3140X;GENE1302X;GENE3328X;GENE3331X;GENE378X;GENE3259X;GENE447X;GENE3607X;GENE3361X;GENE1605X;GENE3397X;GENE895X;GENE1618X;GENE2262X;GENE3318X;GENE2404X;GENE445X;GENE1595X;GENE2394X;GENE2307X;GENE1726X;GENE1646X;GENE1732X;GENE1641X;GENE2400X;GENE3312X;GENE1826X;GENE1577X;GENE2476X;GENE1699X;GENE1666X;GENE513X;GENE2759X;GENE518X;GENE3258X;GENE1498X;GENE849X,0.181,0.13,0.906
34,NaiveBayes,ReliefF-W,8,GENE1610X;GENE1567X;GENE1637X;GENE1658X;GENE2462X;GENE1622X;GENE1612X;GENE1636X,0.25,0.304,0.87
28,NaiveBayes,ReliefF,50,GENE1567X;GENE1610X;GENE2462X;GENE1658X;GENE1622X;GENE1609X;GENE1632X;GENE1657X;GENE1612X;GENE1648X;GENE3939X;GENE1637X;GENE1647X;GENE1659X;GENE384X;GENE654X;GENE1615X;GENE1614X;GENE2378X;GENE1296X;GENE1613X;GENE611X;GENE1676X;GENE385X;GENE435X;GENE2713X;GENE2381X;GENE2104X;GENE1672X;GENE386X;GENE1611X;GENE493X;GENE1603X;GENE1653X;GENE2377X;GENE1619X;GENE2103X;GENE1644X;GENE1635X;GENE1636X;GENE3689X;GENE512X;GENE1673X;GENE2379X;GENE1639X;GENE513X;GENE1617X;GENE1620X;GENE2262X;GENE636X,0.208,0.174,0.899
88,5NN,ReliefF,20,GENE1567X;GENE1610X;GENE2462X;GENE1658X;GENE1622X;GENE1609X;GENE1632X;GENE1657X;GENE1612X;GENE1648X;GENE3939X;GENE1637X;GENE1647X;GENE1659X;GENE384X;GENE654X;GENE1615X;GENE1614X;GENE2378X;GENE1296X,0.0,0.652,0.901
90,5NN,ReliefF,100,GENE1567X;GENE1610X;GENE2462X;GENE1658X;GENE1622X;GENE1609X;GENE1632X;GENE1657X;GENE1612X;GENE1648X;GENE3939X;GENE1637X;GENE1647X;GENE1659X;GENE384X;GENE654X;GENE1615X;GENE1614X;GENE2378X;GENE1296X;GENE1613X;GENE611X;GENE1676X;GENE385X;GENE435X;GENE2713X;GENE2381X;GENE2104X;GENE1672X;GENE386X;GENE1611X;GENE493X;GENE1603X;GENE1653X;GENE2377X;GENE1619X;GENE2103X;GENE1644X;GENE1635X;GENE1636X;GENE3689X;GENE512X;GENE1673X;GENE2379X;GENE1639X;GENE513X;GENE1617X;GENE1620X;GENE2262X;GENE636X;GENE2402X;GENE1821X;GENE3688X;GENE2401X;GENE1251X;GENE2464X;GENE375X;GENE529X;GENE1740X;GENE1661X;GENE2693X;GENE655X;GENE3259X;GENE1690X;GENE364X;GENE2181X;GENE1607X;GENE2106X;GENE1604X;GENE2399X;GENE2910X;GENE236X;GENE1656X;GENE1631X;GENE1606X;GENE518X;GENE1605X;GENE1537X;GENE651X;GENE2795X;GENE2759X;GENE2358X;GENE593X;GENE1769X;GENE1633X;GENE524X;GENE3944X;GENE2380X;GENE1717X;GENE2478X;GENE1526X;GENE3945X;GENE378X;GENE1585X;GENE895X;GENE530X;GENE2113X;GENE2186X;GENE790X;GENE2220X,0.0,0.478,0.896
84,5NN,ReliefF,7,GENE1567X;GENE1610X;GENE2462X;GENE1658X;GENE1622X;GENE1609X;GENE1632X,0.042,0.565,0.848
26,NaiveBayes,ReliefF,10,GENE1567X;GENE1610X;GENE2462X;GENE1658X;GENE1622X;GENE1609X;GENE1632X;GENE1657X;GENE1612X;GENE1648X,0.208,0.304,0.892
29,NaiveBayes,ReliefF,100,GENE1567X;GENE1610X;GENE2462X;GENE1658X;GENE1622X;GENE1609X;GENE1632X;GENE1657X;GENE1612X;GENE1648X;GENE3939X;GENE1637X;GENE1647X;GENE1659X;GENE384X;GENE654X;GENE1615X;GENE1614X;GENE2378X;GENE1296X;GENE1613X;GENE611X;GENE1676X;GENE385X;GENE435X;GENE2713X;GENE2381X;GENE2104X;GENE1672X;GENE386X;GENE1611X;GENE493X;GENE1603X;GENE1653X;GENE2377X;GENE1619X;GENE2103X;GENE1644X;GENE1635X;GENE1636X;GENE3689X;GENE512X;GENE1673X;GENE2379X;GENE1639X;GENE513X;GENE1617X;GENE1620X;GENE2262X;GENE636X;GENE2402X;GENE1821X;GENE3688X;GENE2401X;GENE1251X;GENE2464X;GENE375X;GENE529X;GENE1740X;GENE1661X;GENE2693X;GENE655X;GENE3259X;GENE1690X;GENE364X;GENE2181X;GENE1607X;GENE2106X;GENE1604X;GENE2399X;GENE2910X;GENE236X;GENE1656X;GENE1631X;GENE1606X;GENE518X;GENE1605X;GENE1537X;GENE651X;GENE2795X;GENE2759X;GENE2358X;GENE593X;GENE1769X;GENE1633X;GENE524X;GENE3944X;GENE2380X;GENE1717X;GENE2478X;GENE1526X;GENE3945X;GENE378X;GENE1585X;GENE895X;GENE530X;GENE2113X;GENE2186X;GENE790X;GENE2220X,0.208,0.174,0.897
25,NaiveBayes,ReliefF,9,GENE1567X;GENE1610X;GENE2462X;GENE1658X;GENE1622X;GENE1609X;GENE1632X;GENE1657X;GENE1612X,0.222,0.217,0.892
27,NaiveBayes,ReliefF,20,GENE1567X;GENE1610X;GENE2462X;GENE1658X;GENE1622X;GENE1609X;GENE1632X;GENE1657X;GENE1612X;GENE1648X;GENE3939X;GENE1637X;GENE1647X;GENE1659X;GENE384X;GENE654X;GENE1615X;GENE1614X;GENE2378X;GENE1296X,0.222,0.261,0.877
82,5NN,ReliefF,5,GENE1567X;GENE1610X;GENE2462X;GENE1658X;GENE1622X,0.069,0.522,0.865
30,NaiveBayes,ReliefF,200,GENE1567X;GENE1610X;GENE2462X;GENE1658X;GENE1622X;GENE1609X;GENE1632X;GENE1657X;GENE1612X;GENE1648X;GENE3939X;GENE1637X;GENE1647X;GENE1659X;GENE384X;GENE654X;GENE1615X;GENE1614X;GENE2378X;GENE1296X;GENE1613X;GENE611X;GENE1676X;GENE385X;GENE435X;GENE2713X;GENE2381X;GENE2104X;GENE1672X;GENE386X;GENE1611X;GENE493X;GENE1603X;GENE1653X;GENE2377X;GENE1619X;GENE2103X;GENE1644X;GENE1635X;GENE1636X;GENE3689X;GENE512X;GENE1673X;GENE2379X;GENE1639X;GENE513X;GENE1617X;GENE1620X;GENE2262X;GENE636X;GENE2402X;GENE1821X;GENE3688X;GENE2401X;GENE1251X;GENE2464X;GENE375X;GENE529X;GENE1740X;GENE1661X;GENE2693X;GENE655X;GENE3259X;GENE1690X;GENE364X;GENE2181X;GENE1607X;GENE2106X;GENE1604X;GENE2399X;GENE2910X;GENE236X;GENE1656X;GENE1631X;GENE1606X;GENE518X;GENE1605X;GENE1537X;GENE651X;GENE2795X;GENE2759X;GENE2358X;GENE593X;GENE1769X;GENE1633X;GENE524X;GENE3944X;GENE2380X;GENE1717X;GENE2478X;GENE1526X;GENE3945X;GENE378X;GENE1585X;GENE895X;GENE530X;GENE2113X;GENE2186X;GENE790X;GENE2220X;GENE3258X;GENE588X;GENE1566X;GENE2830X;GENE1718X;GENE610X;GENE3261X;GENE1560X;GENE503X;GENE915X;GENE2154X;GENE3540X;GENE1662X;GENE2463X;GENE2226X;GENE652X;GENE3260X;GENE2042X;GENE2290X;GENE664X;GENE3027X;GENE499X;GENE3946X;GENE2150X;GENE1798X;GENE1875X;GENE567X;GENE2099X;GENE587X;GENE1037X;GENE3940X;GENE1600X;GENE3461X;GENE3289X;GENE2837X;GENE1568X;GENE1646X;GENE637X;GENE3332X;GENE1618X;GENE635X;GENE3690X;GENE653X;GENE528X;GENE2196X;GENE712X;GENE948X;GENE955X;GENE222X;GENE639X;GENE688X;GENE2187X;GENE1608X;GENE565X;GENE2758X;GENE1599X;GENE374X;GENE2403X;GENE622X;GENE2791X;GENE2888X;GENE3325X;GENE1297X;GENE834X;GENE1623X;GENE1598X;GENE2127X;GENE2105X;GENE708X;GENE514X;GENE2836X;GENE1924X;GENE3052X;GENE1532X;GENE1581X;GENE717X;GENE628X;GENE855X;GENE2071X;GENE2102X;GENE623X;GENE1668X;GENE500X;GENE599X;GENE589X;GENE361X;GENE642X;GENE662X;GENE1692X;GENE1540X;GENE1884X;GENE2394X;GENE2182X;GENE472X;GENE1652X;GENE395X;GENE1207X;GENE1700X;GENE2793X;GENE3833X,0.208,0.13,0.89
87,5NN,ReliefF,10,GENE1567X;GENE1610X;GENE2462X;GENE1658X;GENE1622X;GENE1609X;GENE1632X;GENE1657X;GENE1612X;GENE1648X,0.028,0.522,0.877
23,NaiveBayes,ReliefF,7,GENE1567X;GENE1610X;GENE2462X;GENE1658X;GENE1622X;GENE1609X;GENE1632X,0.208,0.217,0.877
22,NaiveBayes,ReliefF,6,GENE1567X;GENE1610X;GENE2462X;GENE1658X;GENE1622X;GENE1609X,0.222,0.217,0.882
83,5NN,ReliefF,6,GENE1567X;GENE1610X;GENE2462X;GENE1658X;GENE1622X;GENE1609X,0.056,0.478,0.853
21,NaiveBayes,ReliefF,5,GENE1567X;GENE1610X;GENE2462X;GENE1658X;GENE1622X,0.194,0.217,0.884
89,5NN,ReliefF,50,GENE1567X;GENE1610X;GENE2462X;GENE1658X;GENE1622X;GENE1609X;GENE1632X;GENE1657X;GENE1612X;GENE1648X;GENE3939X;GENE1637X;GENE1647X;GENE1659X;GENE384X;GENE654X;GENE1615X;GENE1614X;GENE2378X;GENE1296X;GENE1613X;GENE611X;GENE1676X;GENE385X;GENE435X;GENE2713X;GENE2381X;GENE2104X;GENE1672X;GENE386X;GENE1611X;GENE493X;GENE1603X;GENE1653X;GENE2377X;GENE1619X;GENE2103X;GENE1644X;GENE1635X;GENE1636X;GENE3689X;GENE512X;GENE1673X;GENE2379X;GENE1639X;GENE513X;GENE1617X;GENE1620X;GENE2262X;GENE636X,0.0,0.435,0.887
32,NaiveBayes,ReliefF-W,6,GENE1610X;GENE1567X;GENE1637X;GENE1658X;GENE2462X;GENE1622X,0.222,0.217,0.879
31,NaiveBayes,ReliefF-W,5,GENE1610X;GENE1567X;GENE1637X;GENE1658X;GENE2462X,0.208,0.261,0.878
37,NaiveBayes,ReliefF-W,20,GENE1610X;GENE1567X;GENE1637X;GENE1658X;GENE2462X;GENE1622X;GENE1612X;GENE1636X;GENE1639X;GENE1648X;GENE611X;GENE1647X;GENE1607X;GENE1657X;GENE384X;GENE3332X;GENE3944X;GENE1659X;GENE1769X;GENE1632X,0.222,0.304,0.886
33,NaiveBayes,ReliefF-W,7,GENE1610X;GENE1567X;GENE1637X;GENE1658X;GENE2462X;GENE1622X;GENE1612X,0.236,0.217,0.882
85,5NN,ReliefF,8,GENE1567X;GENE1610X;GENE2462X;GENE1658X;GENE1622X;GENE1609X;GENE1632X;GENE1657X,0.028,0.478,0.87
35,NaiveBayes,ReliefF-W,9,GENE1610X;GENE1567X;GENE1637X;GENE1658X;GENE2462X;GENE1622X;GENE1612X;GENE1636X;GENE1639X,0.222,0.304,0.865
36,NaiveBayes,ReliefF-W,10,GENE1610X;GENE1567X;GENE1637X;GENE1658X;GENE2462X;GENE1622X;GENE1612X;GENE1636X;GENE1639X;GENE1648X,0.236,0.261,0.871
86,5NN,ReliefF,9,GENE1567X;GENE1610X;GENE2462X;GENE1658X;GENE1622X;GENE1609X;GENE1632X;GENE1657X;GENE1612X,0.028,0.478,0.835
94,5NN,ReliefF-W,7,GENE1610X;GENE1567X;GENE1637X;GENE1658X;GENE2462X;GENE1622X;GENE1612X,0.042,0.522,0.847
97,5NN,ReliefF-W,10,GENE1610X;GENE1567X;GENE1637X;GENE1658X;GENE2462X;GENE1622X;GENE1612X;GENE1636X;GENE1639X;GENE1648X,0.028,0.609,0.876
39,NaiveBayes,ReliefF-W,100,GENE1610X;GENE1567X;GENE1637X;GENE1658X;GENE2462X;GENE1622X;GENE1612X;GENE1636X;GENE1639X;GENE1648X;GENE611X;GENE1647X;GENE1607X;GENE1657X;GENE384X;GENE3332X;GENE3944X;GENE1659X;GENE1769X;GENE1632X;GENE2103X;GENE529X;GENE1615X;GENE1609X;GENE1672X;GENE1603X;GENE2104X;GENE2713X;GENE1613X;GENE1635X;GENE1611X;GENE1717X;GENE3688X;GENE1673X;GENE1608X;GENE3325X;GENE1604X;GENE1560X;GENE3689X;GENE1884X;GENE1656X;GENE1653X;GENE1719X;GENE3939X;GENE386X;GENE399X;GENE2402X;GENE524X;GENE1718X;GENE1614X;GENE2378X;GENE236X;GENE1661X;GENE1740X;GENE0X;GENE385X;GENE1731X;GENE3945X;GENE3329X;GENE613X;GENE1642X;GENE1644X;GENE1650X;GENE1720X;GENE1631X;GENE512X;GENE1226X;GENE528X;GENE1537X;GENE1296X;GENE2693X;GENE653X;GENE1821X;GENE3917X;GENE3327X;GENE3649X;GENE1676X;GENE3833X;GENE1599X;GENE1619X;GENE1568X;GENE2379X;GENE3648X;GENE3690X;GENE915X;GENE636X;GENE1544X;GENE1662X;GENE1600X;GENE3863X;GENE1328X;GENE530X;GENE1651X;GENE1134X;GENE3621X;GENE654X;GENE3946X;GENE101X;GENE3104X;GENE493X,0.222,0.174,0.899
100,5NN,ReliefF-W,100,GENE1610X;GENE1567X;GENE1637X;GENE1658X;GENE2462X;GENE1622X;GENE1612X;GENE1636X;GENE1639X;GENE1648X;GENE611X;GENE1647X;GENE1607X;GENE1657X;GENE384X;GENE3332X;GENE3944X;GENE1659X;GENE1769X;GENE1632X;GENE2103X;GENE529X;GENE1615X;GENE1609X;GENE1672X;GENE1603X;GENE2104X;GENE2713X;GENE1613X;GENE1635X;GENE1611X;GENE1717X;GENE3688X;GENE1673X;GENE1608X;GENE3325X;GENE1604X;GENE1560X;GENE3689X;GENE1884X;GENE1656X;GENE1653X;GENE1719X;GENE3939X;GENE386X;GENE399X;GENE2402X;GENE524X;GENE1718X;GENE1614X;GENE2378X;GENE236X;GENE1661X;GENE1740X;GENE0X;GENE385X;GENE1731X;GENE3945X;GENE3329X;GENE613X;GENE1642X;GENE1644X;GENE1650X;GENE1720X;GENE1631X;GENE512X;GENE1226X;GENE528X;GENE1537X;GENE1296X;GENE2693X;GENE653X;GENE1821X;GENE3917X;GENE3327X;GENE3649X;GENE1676X;GENE3833X;GENE1599X;GENE1619X;GENE1568X;GENE2379X;GENE3648X;GENE3690X;GENE915X;GENE636X;GENE1544X;GENE1662X;GENE1600X;GENE3863X;GENE1328X;GENE530X;GENE1651X;GENE1134X;GENE3621X;GENE654X;GENE3946X;GENE101X;GENE3104X;GENE493X,0.028,0.522,0.899
93,5NN,ReliefF-W,6,GENE1610X;GENE1567X;GENE1637X;GENE1658X;GENE2462X;GENE1622X,0.042,0.522,0.831
95,5NN,ReliefF-W,8,GENE1610X;GENE1567X;GENE1637X;GENE1658X;GENE2462X;GENE1622X;GENE1612X;GENE1636X,0.014,0.565,0.838
38,NaiveBayes,ReliefF-W,50,GENE1610X;GENE1567X;GENE1637X;GENE1658X;GENE2462X;GENE1622X;GENE1612X;GENE1636X;GENE1639X;GENE1648X;GENE611X;GENE1647X;GENE1607X;GENE1657X;GENE384X;GENE3332X;GENE3944X;GENE1659X;GENE1769X;GENE1632X;GENE2103X;GENE529X;GENE1615X;GENE1609X;GENE1672X;GENE1603X;GENE2104X;GENE2713X;GENE1613X;GENE1635X;GENE1611X;GENE1717X;GENE3688X;GENE1673X;GENE1608X;GENE3325X;GENE1604X;GENE1560X;GENE3689X;GENE1884X;GENE1656X;GENE1653X;GENE1719X;GENE3939X;GENE386X;GENE399X;GENE2402X;GENE524X;GENE1718X;GENE1614X,0.236,0.217,0.9
98,5NN,ReliefF-W,20,GENE1610X;GENE1567X;GENE1637X;GENE1658X;GENE2462X;GENE1622X;GENE1612X;GENE1636X;GENE1639X;GENE1648X;GENE611X;GENE1647X;GENE1607X;GENE1657X;GENE384X;GENE3332X;GENE3944X;GENE1659X;GENE1769X;GENE1632X,0.014,0.565,0.91
91,5NN,ReliefF,200,GENE1567X;GENE1610X;GENE2462X;GENE1658X;GENE1622X;GENE1609X;GENE1632X;GENE1657X;GENE1612X;GENE1648X;GENE3939X;GENE1637X;GENE1647X;GENE1659X;GENE384X;GENE654X;GENE1615X;GENE1614X;GENE2378X;GENE1296X;GENE1613X;GENE611X;GENE1676X;GENE385X;GENE435X;GENE2713X;GENE2381X;GENE2104X;GENE1672X;GENE386X;GENE1611X;GENE493X;GENE1603X;GENE1653X;GENE2377X;GENE1619X;GENE2103X;GENE1644X;GENE1635X;GENE1636X;GENE3689X;GENE512X;GENE1673X;GENE2379X;GENE1639X;GENE513X;GENE1617X;GENE1620X;GENE2262X;GENE636X;GENE2402X;GENE1821X;GENE3688X;GENE2401X;GENE1251X;GENE2464X;GENE375X;GENE529X;GENE1740X;GENE1661X;GENE2693X;GENE655X;GENE3259X;GENE1690X;GENE364X;GENE2181X;GENE1607X;GENE2106X;GENE1604X;GENE2399X;GENE2910X;GENE236X;GENE1656X;GENE1631X;GENE1606X;GENE518X;GENE1605X;GENE1537X;GENE651X;GENE2795X;GENE2759X;GENE2358X;GENE593X;GENE1769X;GENE1633X;GENE524X;GENE3944X;GENE2380X;GENE1717X;GENE2478X;GENE1526X;GENE3945X;GENE378X;GENE1585X;GENE895X;GENE530X;GENE2113X;GENE2186X;GENE790X;GENE2220X;GENE3258X;GENE588X;GENE1566X;GENE2830X;GENE1718X;GENE610X;GENE3261X;GENE1560X;GENE503X;GENE915X;GENE2154X;GENE3540X;GENE1662X;GENE2463X;GENE2226X;GENE652X;GENE3260X;GENE2042X;GENE2290X;GENE664X;GENE3027X;GENE499X;GENE3946X;GENE2150X;GENE1798X;GENE1875X;GENE567X;GENE2099X;GENE587X;GENE1037X;GENE3940X;GENE1600X;GENE3461X;GENE3289X;GENE2837X;GENE1568X;GENE1646X;GENE637X;GENE3332X;GENE1618X;GENE635X;GENE3690X;GENE653X;GENE528X;GENE2196X;GENE712X;GENE948X;GENE955X;GENE222X;GENE639X;GENE688X;GENE2187X;GENE1608X;GENE565X;GENE2758X;GENE1599X;GENE374X;GENE2403X;GENE622X;GENE2791X;GENE2888X;GENE3325X;GENE1297X;GENE834X;GENE1623X;GENE1598X;GENE2127X;GENE2105X;GENE708X;GENE514X;GENE2836X;GENE1924X;GENE3052X;GENE1532X;GENE1581X;GENE717X;GENE628X;GENE855X;GENE2071X;GENE2102X;GENE623X;GENE1668X;GENE500X;GENE599X;GENE589X;GENE361X;GENE642X;GENE662X;GENE1692X;GENE1540X;GENE1884X;GENE2394X;GENE2182X;GENE472X;GENE1652X;GENE395X;GENE1207X;GENE1700X;GENE2793X;GENE3833X,0.028,0.652,0.873
96,5NN,ReliefF-W,9,GENE1610X;GENE1567X;GENE1637X;GENE1658X;GENE2462X;GENE1622X;GENE1612X;GENE1636X;GENE1639X,0.028,0.565,0.872
101,5NN,ReliefF-W,200,GENE1610X;GENE1567X;GENE1637X;GENE1658X;GENE2462X;GENE1622X;GENE1612X;GENE1636X;GENE1639X;GENE1648X;GENE611X;GENE1647X;GENE1607X;GENE1657X;GENE384X;GENE3332X;GENE3944X;GENE1659X;GENE1769X;GENE1632X;GENE2103X;GENE529X;GENE1615X;GENE1609X;GENE1672X;GENE1603X;GENE2104X;GENE2713X;GENE1613X;GENE1635X;GENE1611X;GENE1717X;GENE3688X;GENE1673X;GENE1608X;GENE3325X;GENE1604X;GENE1560X;GENE3689X;GENE1884X;GENE1656X;GENE1653X;GENE1719X;GENE3939X;GENE386X;GENE399X;GENE2402X;GENE524X;GENE1718X;GENE1614X;GENE2378X;GENE236X;GENE1661X;GENE1740X;GENE0X;GENE385X;GENE1731X;GENE3945X;GENE3329X;GENE613X;GENE1642X;GENE1644X;GENE1650X;GENE1720X;GENE1631X;GENE512X;GENE1226X;GENE528X;GENE1537X;GENE1296X;GENE2693X;GENE653X;GENE1821X;GENE3917X;GENE3327X;GENE3649X;GENE1676X;GENE3833X;GENE1599X;GENE1619X;GENE1568X;GENE2379X;GENE3648X;GENE3690X;GENE915X;GENE636X;GENE1544X;GENE1662X;GENE1600X;GENE3863X;GENE1328X;GENE530X;GENE1651X;GENE1134X;GENE3621X;GENE654X;GENE3946X;GENE101X;GENE3104X;GENE493X;GENE1700X;GENE1602X;GENE3651X;GENE1596X;GENE651X;GENE2066X;GENE3650X;GENE1623X;GENE3290X;GENE721X;GENE1617X;GENE1875X;GENE2236X;GENE655X;GENE3626X;GENE3289X;GENE1039X;GENE3632X;GENE2245X;GENE2464X;GENE1737X;GENE537X;GENE2127X;GENE2395X;GENE1585X;GENE531X;GENE2403X;GENE2381X;GENE1730X;GENE2271X;GENE391X;GENE598X;GENE1297X;GENE3324X;GENE3620X;GENE1526X;GENE1606X;GENE3330X;GENE506X;GENE967X;GENE637X;GENE1225X;GENE2401X;GENE2363X;GENE3834X;GENE2106X;GENE3874X;GENE3027X;GENE3147X;GENE3335X;GENE1625X;GENE3943X;GENE3319X;GENE375X;GENE593X;GENE1574X;GENE3326X;GENE834X;GENE2380X;GENE2399X;GENE739X;GENE1702X;GENE1598X;GENE3140X;GENE1302X;GENE3328X;GENE3331X;GENE378X;GENE3259X;GENE447X;GENE3607X;GENE3361X;GENE1605X;GENE3397X;GENE895X;GENE1618X;GENE2262X;GENE3318X;GENE2404X;GENE445X;GENE1595X;GENE2394X;GENE2307X;GENE1726X;GENE1646X;GENE1732X;GENE1641X;GENE2400X;GENE3312X;GENE1826X;GENE1577X;GENE2476X;GENE1699X;GENE1666X;GENE513X;GENE2759X;GENE518X;GENE3258X;GENE1498X;GENE849X,0.042,0.391,0.903
92,5NN,ReliefF-W,5,GENE1610X;GENE1567X;GENE1637X;GENE1658X;GENE2462X,0.042,0.522,0.863
99,5NN,ReliefF-W,50,GENE1610X;GENE1567X;GENE1637X;GENE1658X;GENE2462X;GENE1622X;GENE1612X;GENE1636X;GENE1639X;GENE1648X;GENE611X;GENE1647X;GENE1607X;GENE1657X;GENE384X;GENE3332X;GENE3944X;GENE1659X;GENE1769X;GENE1632X;GENE2103X;GENE529X;GENE1615X;GENE1609X;GENE1672X;GENE1603X;GENE2104X;GENE2713X;GENE1613X;GENE1635X;GENE1611X;GENE1717X;GENE3688X;GENE1673X;GENE1608X;GENE3325X;GENE1604X;GENE1560X;GENE3689X;GENE1884X;GENE1656X;GENE1653X;GENE1719X;GENE3939X;GENE386X;GENE399X;GENE2402X;GENE524X;GENE1718X;GENE1614X,0.028,0.435,0.906
